Aurthur Velti,avelti0@live.com
Kurtis Pougher,kpougher1@oakley.com
Randy Thys,rthys2@reverbnation.com
Charlton Millson,cmillson3@tinyurl.com
Onida Reinhard,oreinhard4@twitter.com
Marlow Lindholm,mlindholm5@1und1.de
Chicky Bouldon,cbouldon6@irs.gov
Billi Coyne,bcoyne7@hibu.com
Susanna Loosmore,sloosmore8@cdbaby.com
Janie Powers,jpowers9@harvard.edu
Karlens Hallas,khallasa@wordpress.com
Marchelle Bloodworthe,mbloodwortheb@seattletimes.com
Ricoriki Strivens,rstrivensc@uiuc.edu
Averil Sawkin,asawkind@comsenz.com
Friedrick Crispin,fcrispine@creativecommons.org
Natty Linnard,nlinnardf@tiny.cc
Enos Semark,esemarkg@odnoklassniki.ru
Gilbert Pelerin,gpelerinh@unesco.org
Dyane Blackie,dblackiei@booking.com
Penelope Searchfield,psearchfieldj@youtube.com
